{
  "certificado": {
    "precision": 1.0,
    "recall": 0.875,
    "f1-score": 0.9333333333333333,
    "support": 8,
    "confused_with": {}
  },
  "video_seleccionado": {
    "precision": 1.0,
    "recall": 1.0,
    "f1-score": 1.0,
    "support": 120,
    "confused_with": {}
  },
  "producto": {
    "precision": 0.9893617021276596,
    "recall": 0.998211091234347,
    "f1-score": 0.993766696349065,
    "support": 559,
    "confused_with": {}
  },
  "micro avg": {
    "precision": 0.9913169319826338,
    "recall": 0.9970887918486172,
    "f1-score": 0.9941944847605224,
    "support": 687
  },
  "macro avg": {
    "precision": 0.9964539007092199,
    "recall": 0.9577370304114491,
    "f1-score": 0.9757000098941327,
    "support": 687
  },
  "weighted avg": {
    "precision": 0.9913438012945587,
    "recall": 0.9970887918486172,
    "f1-score": 0.9941517466168763,
    "support": 687
  },
  "accuracy": 0.996781979082864
}